-- Adminer 4.8.1 PostgreSQL 14.3 dump

\connect "Volunteer_Organization_db";

DROP TABLE IF EXISTS "candidates";
CREATE TABLE "public"."candidates" (
    "id" bigint DEFAULT GENERATED BY DEFAULT AS IDENTITY NOT NULL,
    "activation" character varying(255),
    "city" character varying(255),
    "description" character varying(255),
    "email" character varying(255),
    "name" character varying(255),
    "phone" character varying(255),
    "photo" character varying(255),
    "status" character varying(255),
    CONSTRAINT "candidates_pkey" PRIMARY KEY ("id")
) WITH (oids = false);

<br />
<b>Warning</b>:  Undefined property: stdClass::$flags in <b>C:\OpenServer\modules\system\html\openserver\adminer\adminer_core.php</b> on line <b>200</b><br />
<br />
<b>Warning</b>:  Undefined property: stdClass::$flags in <b>C:\OpenServer\modules\system\html\openserver\adminer\adminer_core.php</b> on line <b>200</b><br />
<br />
<b>Warning</b>:  Undefined property: stdClass::$flags in <b>C:\OpenServer\modules\system\html\openserver\adminer\adminer_core.php</b> on line <b>200</b><br />
<br />
<b>Warning</b>:  Undefined property: stdClass::$flags in <b>C:\OpenServer\modules\system\html\openserver\adminer\adminer_core.php</b> on line <b>200</b><br />
<br />
<b>Warning</b>:  Undefined property: stdClass::$flags in <b>C:\OpenServer\modules\system\html\openserver\adminer\adminer_core.php</b> on line <b>200</b><br />
<br />
<b>Warning</b>:  Undefined property: stdClass::$flags in <b>C:\OpenServer\modules\system\html\openserver\adminer\adminer_core.php</b> on line <b>200</b><br />
<br />
<b>Warning</b>:  Undefined property: stdClass::$flags in <b>C:\OpenServer\modules\system\html\openserver\adminer\adminer_core.php</b> on line <b>200</b><br />
<br />
<b>Warning</b>:  Undefined property: stdClass::$flags in <b>C:\OpenServer\modules\system\html\openserver\adminer\adminer_core.php</b> on line <b>200</b><br />
<br />
<b>Warning</b>:  Undefined property: stdClass::$flags in <b>C:\OpenServer\modules\system\html\openserver\adminer\adminer_core.php</b> on line <b>200</b><br />
INSERT INTO "candidates" ("id", "activation", "city", "description", "email", "name", "phone", "photo", "status") VALUES
(2,	'a4858d85-26e5-4b2b-9169-77daf677dfbe',	'Закарпатська область, м. Мукачево',	'Хочу допомогти людям!',	'shulga.katerina@gmail.com',	'Шульга Катерина Іванівна',	'380501682593',	'ac86fd8c-8c78-49d1-8574-35b4deadb323_27244afe-0867-4d4e-9c77-87b89dd64fcb_Katerina.jpg',	'waiting'),
(9,	'confirmed',	'м. Полтава',	'Маю власне авто, можу займатися перевезенням',	'grebelnik.viktor@gmail.com',	'Гребельник Віктор Михайлович',	'380973871256',	'39c3d038-4184-4aec-8b93-df059d495556_27244afe-0867-4d4e-9c77-87b89dd64fcb_Viktor.jpg',	'waiting'),
(10,	'aca218c1-e295-46fa-836e-c234f768444c',	'Дніпропетровська область, м. Кам''янець',	'Мені 30 років, бажаю долучитися до волонтерської діяльності',	'riznik.oleg@gmail.com',	'Різник Олег',	'380603451672',	'68145e2d-43d6-4de9-b309-b84fd27f43c2_Oleg.jpg',	'waiting'),
(1,	'confirmed',	'м. Київ',	'Є можливість приділяти багато часу волонтерству',	'gerega.viktoria@gmail.com',	'Герега Вікторія Олександрівна',	'380951473914',	'65a3eca3-a981-40ed-a880-744908dda0cf_viktoria.jpg',	'waiting'),
(19,	'confirmed',	'м. Ужгород',	'Відправляю',	'vopifa2799@krunsea.com',	'Пеца Юрій',	'3809514524',	'4ca90c28-a9cc-4d3a-aa00-df13e60a4fb4_39c3d038-4184-4aec-8b93-df059d495556_27244afe-0867-4d4e-9c77-87b89dd64fcb_Viktor.jpg',	'accept');

DROP TABLE IF EXISTS "categories_of_posts";
CREATE TABLE "public"."categories_of_posts" (
    "id" bigint DEFAULT GENERATED BY DEFAULT AS IDENTITY NOT NULL,
    "category" character varying(255) NOT NULL,
    "description" character varying(255) NOT NULL,
    CONSTRAINT "categories_of_posts_pkey" PRIMARY KEY ("id")
) WITH (oids = false);

<br />
<b>Warning</b>:  Undefined property: stdClass::$flags in <b>C:\OpenServer\modules\system\html\openserver\adminer\adminer_core.php</b> on line <b>200</b><br />
<br />
<b>Warning</b>:  Undefined property: stdClass::$flags in <b>C:\OpenServer\modules\system\html\openserver\adminer\adminer_core.php</b> on line <b>200</b><br />
<br />
<b>Warning</b>:  Undefined property: stdClass::$flags in <b>C:\OpenServer\modules\system\html\openserver\adminer\adminer_core.php</b> on line <b>200</b><br />
INSERT INTO "categories_of_posts" ("id", "category", "description") VALUES
(1,	'Волонтерство',	'Волонтерство'),
(2,	'Особистий досвід',	'Особистий досвід'),
(8,	'Як це працює?',	'Як це працює?'),
(9,	'Також варте',	'Також варте');

DROP TABLE IF EXISTS "comments";
CREATE TABLE "public"."comments" (
    "id" bigint DEFAULT GENERATED BY DEFAULT AS IDENTITY NOT NULL,
    "comment" character varying(255),
    "date" character varying(255),
    "id_post" bigint,
    "id_user" bigint,
    CONSTRAINT "comments_pkey" PRIMARY KEY ("id")
) WITH (oids = false);


DROP TABLE IF EXISTS "posts";
CREATE TABLE "public"."posts" (
    "id" bigint DEFAULT GENERATED BY DEFAULT AS IDENTITY NOT NULL,
    "date" character varying(255) NOT NULL,
    "description" character varying(10000) NOT NULL,
    "image" character varying(255),
    "title" character varying(255) NOT NULL,
    "id_category" bigint,
    "id_user" bigint,
    CONSTRAINT "posts_pkey" PRIMARY KEY ("id")
) WITH (oids = false);

<br />
<b>Warning</b>:  Undefined property: stdClass::$flags in <b>C:\OpenServer\modules\system\html\openserver\adminer\adminer_core.php</b> on line <b>200</b><br />
<br />
<b>Warning</b>:  Undefined property: stdClass::$flags in <b>C:\OpenServer\modules\system\html\openserver\adminer\adminer_core.php</b> on line <b>200</b><br />
<br />
<b>Warning</b>:  Undefined property: stdClass::$flags in <b>C:\OpenServer\modules\system\html\openserver\adminer\adminer_core.php</b> on line <b>200</b><br />
<br />
<b>Warning</b>:  Undefined property: stdClass::$flags in <b>C:\OpenServer\modules\system\html\openserver\adminer\adminer_core.php</b> on line <b>200</b><br />
<br />
<b>Warning</b>:  Undefined property: stdClass::$flags in <b>C:\OpenServer\modules\system\html\openserver\adminer\adminer_core.php</b> on line <b>200</b><br />
<br />
<b>Warning</b>:  Undefined property: stdClass::$flags in <b>C:\OpenServer\modules\system\html\openserver\adminer\adminer_core.php</b> on line <b>200</b><br />
<br />
<b>Warning</b>:  Undefined property: stdClass::$flags in <b>C:\OpenServer\modules\system\html\openserver\adminer\adminer_core.php</b> on line <b>200</b><br />
INSERT INTO "posts" ("id", "date", "description", "image", "title", "id_category", "id_user") VALUES
(7,	'12:05, 19.05.2022',	'﻿﻿Відтепер можна більше часу присвячувати допомозі, а менше витрачати на пошук волонтерів та волонтерських можливостей. Дитячий фонд ООН (ЮНІСЕФ) в Україні й Українська Волонтерська Служба спільно з Міністерством молоді та спорту закликає заходити на Національну Волонтерську Платформу. На новоствореному онлайн-порталі неурядові організації уже можуть додавати волонтерські можливості, а кожен охочий — шукати волонтерство у своєму місті.

Проєкт покликаний поширювати культуру волонтерства в Україні задля розвитку громадянського суспільства. Волонтерська Платформа є містком між неприбутковими організаціями, активістами та молоддю.
Місія Волонтерської Платформи — познайомити українську молодь з можливостями, які відкриває волонтерство, та стати провідником у світі добрих справ. На платформі громадські організації можуть публікувати анонси волонтерських проєктів, а волонтери — переглядати можливості свого регіону та обирати найцікавіші ініціативи.

«Молоді люди, які займаються волонтерством в Україні, надихають нас своєю самовідданістю й ентузіазмом. Вони сповнені ідеями, пропонують рішення й інновації та втілюють їх у своїх громадах. Ми раді разом з партнерами створити платформу, що просуває можливості для молодих волонтерів, а також підтримує ініціативну молодь, яка активно діє та показує, що зміни можливі», — зазначила Лотта Сильвандер, Голова офісу ЮНІСЕФ в Україні.

Створення Волонтерської Платформи стало можливим завдяки плідній співпраці Дитячого фонду ООН (ЮНІСЕФ) в Україні, Української Волонтерської Служби та компанії SoftServe за підтримки Міністерства молоді та спорту України.

﻿«Я вважаю, що волонтерство надихає. Саме тому, ми намагаємося показати молоді, що участь у волонтерській діяльності не тільки допомагає відчути свою роль у розвитку країни, а й надає змогу отримати задоволення від допомоги іншим. Створення Волонтерської Платформи — гарна нагода знайти однодумців з різних куточків нашої країни та налагодити партнерські стосунки для реалізації спільних проєктів», — зазначає Міністр молоді та спорту Вадим Гутцайт.

Сайт розроблений так, щоб і волонтери, і представники організацій у декілька кліків знайшли чи оприлюднили волонтерську можливість за дванадцятьма категоріями: від допомоги тваринам до онлайн-волонтерства.

«У SoftServe, де культура відкритості та взаємодопомоги є високорозвиненою, ми добре усвідомлюємо силу волонтерства. Люди, об’єднані спільною візією, цінностями і метою, здатні творити дива. Тому технічно втілити таку потужну ідею у життя для нас було надзвичайно важливо. Одним з напрямків корпоративної соціальної відповідальності SoftServe є підтримка спільнот через реалізацію технічних проєктів, які ми втілюємо як на про боно засадах, так і завдяки волонтерам SoftServe», — розповідає співзасновник та Голова Ради директорів SoftServe Ярослав Любінець.

Відкрити світ волонтерства можна уже зараз — сотні волонтерських можливостей та однодумців чекають на сайті https://platforma.volunteer.country/',	'508fabfb-fea5-4605-ba54-05615ca5c6ef_изображение_2022-05-19_120348.png',	'Національна волонтерська платформа',	1,	3),
(22,	'14:39, 23.05.2022',	'«Незнання закону не звільняє від відповідальності» — відома фраза з детективних фільмів та психологічних трилерів. Разом з тим, вона стосується життя кожного з нас. Та, як не дивно, нашого волонтерства.

Чи мають організації право вимагати щось від волонтера? Які документи треба надавати при заповненні анкети? Чи компенсують організатори витрати на проїзд та проживання? Чи можна волонтерити неповнолітнім?

Волонтерська діяльність — добровільна, соціально спрямована, неприбуткова діяльність, що здійснюється волонтерами шляхом надання волонтерської допомоги.

	Права та обов''язки волонтера визначені у статті 7 Закону України «Про волонтерську діяльність». Зокрема, волонтер має право на:
належні умови здійснення волонтерської діяльності, зокрема, отримання достовірної, точної та повної інформації про порядок та умови провадження волонтерської діяльності, забезпечення спеціальними засобами захисту, спорядженням та обладнанням.
зарахування часу здійснення волонтерської діяльності до навчально-виробничої практики в разі її проходження за напрямом, що відповідає отримуваній спеціальності, за згодою навчального закладу.
відшкодування витрат, пов''язаних зі здійсненням волонтерської діяльності, передбачених статтею 11 цього Закону;
інші права, передбачені договором про провадження волонтерської діяльності та законодавством.

	Згідно закону, особи віком від 14 до 18 років можуть здійснювати волонтерську діяльність за згодою батьків, прийомних батьків, батьків-вихователів або піклувальника.

Вони не можуть надавати допомогу у медичних закладах, під час ліквідації наслідків надзвичайних ситуацій техногенного або природного характеру, а також надавати волонтерську допомогу Збройним Силам України та іншим військовим формуванням.

Для того, щоб взяти участь у більшості волонтерських проєктів, ви не зобов''язані підписувати договір. Достатньо звернутись до організації, яка подобається, та запропонувати свою допомогу.

Разом з тим, більшість міжнародних організацій запропонує підписати договір. Тоді вони зможуть офіційно компенсувати витрати та застрахувати від нещасного випадку.

Якщо ви відчуваєте, що хочете зафіксувати свої обов''язки або обов''язки організації, наполягайте на підписанні договору про волонтерську діяльність. Ви маєте таке право. Наприклад, варто підписати договір з організацією, якщо ви плануєте волонтерити з нею на постійній основі.',	'64731e11-ee73-45fe-8cea-189f6e7ab5fb_изображение_2022-05-23_143909.png',	'Права та обов''язки волонтерів',	1,	1),
(24,	'14:48, 23.05.2022',	'Влітку стартував проєкт Шкільні Агенти Волонтерства, який реалізовувався за підтримки Посольства США в Україні. В рамках проєкту 75 учнів з різних куточків країни пройшли навчальні тренінги в Одесі, Львові та Вінниці. Після тренінгу учасники повернулись у рідні міста, де їх чекало цікаве завдання: провести мінімум два Шкільних Уроки Волонтерства для інших школярів.

Волонтерство серед школярів має чимало переваг. Перш за все, це розвиток навичок учня. Завдяки волонтерству юнаки можуть опанувати мистецтво ділової комунікації, познайомитись з однолітками та знайти коло однодумців, розвивати власні проєкти та ростити лідерський потенціал.


По друге, волонтерство допомагає соціалізувати учня та відчути себе частиною спільноти, адже спільна мета — є хорошою мотивацією для того, аби навчитись працювати в команді.

І в решті решт, волонтерство допомагає молоді бути собою. А також дає можливість спробувати себе у майбутній професії та зробити свідомий вибір подальшого шляху.

Чимало учасників програми родом з невеликих міст чи селищ. Після повернення з тренінгу школярі стали справжнім прикладом для однолітків, тому вони з радістю долучались до уроків та розповідали про свій досвід участі.

До прикладу, у Дрогобичі троє учасниць разом провели близько 40 уроків про волонтерство. Дівчата діляться: «Після проєкту ми почали активно волонтерити в Дрогобичі та запрошувати інших через шкільні уроки. Для нас волонтерство — це в першу чергу нові класні знайомства». Окрім уроків дівчата організовували й інші ініціативи: провели літературний вечір, організували збір коштів та часто волонтерять на сортувальній станції в місті.

Окрім Дрогобича уроки проходили в Жовкві, Селидовому, Кам’янському та багатьох інших невеликих містах. Про Шкільних Агентів розповідали у місцевих газетах, тому щоразу послухати про волонтерство ставало ще більше охочих.

Два наступні дні конференції були присвячені дослідженню різних організацій та установ. Встигли завітати до «Повернись живим», Veteran Hub, Всеукраїнського Молодіжного Центру, познайомитись з представниками Київської школи економіки та мали зустріч з заступницею Міністра Молоді та спорту України, Мариною Попатенко.

Окремо запам’яталась зустріч з головними партнерами програми Посольством США в Україні, на якій Вікторія Михайленко розповіла про освітні можливості в США для молоді.',	'5dcd5bdc-feff-4713-b7c4-e9c5653bd7db_изображение_2022-05-23_144855.png',	'Про шкільні уроки волонтерства, подиви та досягнення  Шкільних Агентів Волонтерства',	2,	1),
(23,	'14:43, 23.05.2022',	'«Агенти Волонтерства» — це річна програма розвитку волонтерських спільнот по всій Україні. Цьогоріч наша команда відібрала 42 учасники з усіх куточків країни, аби вони розвивали та посилювали волонтерський рух у своєму місті.

21-23 січня ми зустрілися на Таборі Змінотворців, де провели три дні лекцій, волонтерства, неформального спілкування та обміну ідеями.

ерший день розпочався зі знайомства з учасниками та випускниками програми, які долучилися до Табору Змінотворців, а також менторами та командою Української Волонтерської Служби. Саме ці люди підтримуватимуть координаторів протягом року та допомагатимуть розвивати спільноти у своїх містах.

Засновниця нашої організації Анна Бондаренко розповіла учасникам більше про силу волонтерства та цінності Української Волонтерської Служби. Разом обговорювали важливість маленьких кроків для творення змін.

Анна розпочала із фрази, що є девізом її діяльності: «It’s always seems impossible until it’s done» та зарядила учасників повірити у власні сили та почати творити зміни у своїх містах.

Багато спілкування, квест-тімбілдинг, спільні перерви за чашкою кави та чаю. Перший день був заряджений на творення дружби та обміну думками й ідеями.

Другий день. Перш ніж розпочинати творення волонтерських спільнот, другого дня учасники дізналися основи волонтерської діяльності та поринули в історію волонтерського руху разом із програмною менеджеркою Вікторією Зацновою та проєктною менеджеркою Єлизаветою Бончужною.

Ефективність діяльності координаторів у локальних спільнотах залежить від того, наскільки добре вони розуміють, що ж таке волонтерська діяльність і якою вона може бути.

Саме тому, значну частину дня ми присвятили розбору принципів та видів волонтерства, найбільш поширених стереотипів про волонтерство, з якими можуть зіштовхнутися координатори.

Третій день. Третій день Табору Змінотворців ми розпочали із розмови про те, як українці виборювали свою свободу ще задовго до Революції Гідності та незалежності Україні.

✔️ Поговорили про людей, які ціною власної свободи впливали на зміни у країні.

✔️ Переглянули відео проєкту Дарки Гірної «Обличчя незалежності» про історію українського правозахисника Мирослава Мариновича.

✔️ Поділилися своїми враженнями та думками після перегляду відео.

Разом із менторкою програми та членкинею ГО «Центр Громадянських Свобод» Альоною Степ говорили про сучасний правозахисний рух в Україні, політв’язнів та акції на їх підтримку.

Учасники отримали унікальну можливість долучитися до зимового марафону написання листів в’язням Кремля та спробувати себе у правозахисному волонтерстві.

Завершили Табір Змінотворців формуванням дорожньої карти розвитку волонтерства у регіонах. Учасники протягом години працювали над індивідуальними планами розвитку волонтерства у своїх спільнотах. Завдяки дорожній карті цей рік на програмі буде більш ефективним та плідним.

Отримали домашнє завдання та вирушили у дорогу, кожен та кожна до своєї домівки, для того, аби розвивати волонтерство у своїх регіонах та поділитися успіхами через 2 місяці.',	'616e37d7-c20b-4f26-b7cb-df26dc33ebd5_изображение_2022-05-23_144321.png',	'Табір Змінотворців: як пройшла стартова подія Агентів Волонтерства,Табір Змінотворців: як пройшла стартова подія Агентів Волонтерства',	2,	1);

DROP TABLE IF EXISTS "project_info";
CREATE TABLE "public"."project_info" (
    "id" bigint DEFAULT GENERATED BY DEFAULT AS IDENTITY NOT NULL,
    "email" character varying(255) NOT NULL,
    "image" character varying(255) NOT NULL,
    "logo" character varying(255) NOT NULL,
    "name" character varying(255) NOT NULL,
    "phone" character varying(255) NOT NULL,
    "telegram" character varying(255) NOT NULL,
    CONSTRAINT "project_info_pkey" PRIMARY KEY ("id")
) WITH (oids = false);

<br />
<b>Warning</b>:  Undefined property: stdClass::$flags in <b>C:\OpenServer\modules\system\html\openserver\adminer\adminer_core.php</b> on line <b>200</b><br />
<br />
<b>Warning</b>:  Undefined property: stdClass::$flags in <b>C:\OpenServer\modules\system\html\openserver\adminer\adminer_core.php</b> on line <b>200</b><br />
<br />
<b>Warning</b>:  Undefined property: stdClass::$flags in <b>C:\OpenServer\modules\system\html\openserver\adminer\adminer_core.php</b> on line <b>200</b><br />
<br />
<b>Warning</b>:  Undefined property: stdClass::$flags in <b>C:\OpenServer\modules\system\html\openserver\adminer\adminer_core.php</b> on line <b>200</b><br />
<br />
<b>Warning</b>:  Undefined property: stdClass::$flags in <b>C:\OpenServer\modules\system\html\openserver\adminer\adminer_core.php</b> on line <b>200</b><br />
<br />
<b>Warning</b>:  Undefined property: stdClass::$flags in <b>C:\OpenServer\modules\system\html\openserver\adminer\adminer_core.php</b> on line <b>200</b><br />
<br />
<b>Warning</b>:  Undefined property: stdClass::$flags in <b>C:\OpenServer\modules\system\html\openserver\adminer\adminer_core.php</b> on line <b>200</b><br />
INSERT INTO "project_info" ("id", "email", "image", "logo", "name", "phone", "telegram") VALUES
(1,	'volunteerOrg@gmail.com',	'logo_for_navbar.jpg',	'logo.ico',	'Org',	'380123456789',	'https://t.me/V_Zelenskiy_official');

DROP TABLE IF EXISTS "roles";
CREATE TABLE "public"."roles" (
    "id" bigint DEFAULT GENERATED BY DEFAULT AS IDENTITY NOT NULL,
    "description" character varying(255),
    "role" character varying(255),
    CONSTRAINT "roles_pkey" PRIMARY KEY ("id")
) WITH (oids = false);

<br />
<b>Warning</b>:  Undefined property: stdClass::$flags in <b>C:\OpenServer\modules\system\html\openserver\adminer\adminer_core.php</b> on line <b>200</b><br />
<br />
<b>Warning</b>:  Undefined property: stdClass::$flags in <b>C:\OpenServer\modules\system\html\openserver\adminer\adminer_core.php</b> on line <b>200</b><br />
<br />
<b>Warning</b>:  Undefined property: stdClass::$flags in <b>C:\OpenServer\modules\system\html\openserver\adminer\adminer_core.php</b> on line <b>200</b><br />
INSERT INTO "roles" ("id", "description", "role") VALUES
(1,	'admin',	'admin'),
(2,	'user',	'user'),
(3,	'editor',	'editor');

DROP TABLE IF EXISTS "suggested_posts";
CREATE TABLE "public"."suggested_posts" (
    "id" bigint DEFAULT GENERATED BY DEFAULT AS IDENTITY NOT NULL,
    "date" character varying(255) NOT NULL,
    "description" character varying(10000) NOT NULL,
    "image" character varying(255),
    "status" character varying(255) NOT NULL,
    "title" character varying(255) NOT NULL,
    "id_category" bigint,
    "id_user" bigint,
    CONSTRAINT "suggested_posts_pkey" PRIMARY KEY ("id")
) WITH (oids = false);

<br />
<b>Warning</b>:  Undefined property: stdClass::$flags in <b>C:\OpenServer\modules\system\html\openserver\adminer\adminer_core.php</b> on line <b>200</b><br />
<br />
<b>Warning</b>:  Undefined property: stdClass::$flags in <b>C:\OpenServer\modules\system\html\openserver\adminer\adminer_core.php</b> on line <b>200</b><br />
<br />
<b>Warning</b>:  Undefined property: stdClass::$flags in <b>C:\OpenServer\modules\system\html\openserver\adminer\adminer_core.php</b> on line <b>200</b><br />
<br />
<b>Warning</b>:  Undefined property: stdClass::$flags in <b>C:\OpenServer\modules\system\html\openserver\adminer\adminer_core.php</b> on line <b>200</b><br />
<br />
<b>Warning</b>:  Undefined property: stdClass::$flags in <b>C:\OpenServer\modules\system\html\openserver\adminer\adminer_core.php</b> on line <b>200</b><br />
<br />
<b>Warning</b>:  Undefined property: stdClass::$flags in <b>C:\OpenServer\modules\system\html\openserver\adminer\adminer_core.php</b> on line <b>200</b><br />
<br />
<b>Warning</b>:  Undefined property: stdClass::$flags in <b>C:\OpenServer\modules\system\html\openserver\adminer\adminer_core.php</b> on line <b>200</b><br />
<br />
<b>Warning</b>:  Undefined property: stdClass::$flags in <b>C:\OpenServer\modules\system\html\openserver\adminer\adminer_core.php</b> on line <b>200</b><br />
INSERT INTO "suggested_posts" ("id", "date", "description", "image", "status", "title", "id_category", "id_user") VALUES
(1,	'11:02, 26.05.2022',	'test',	'27244afe-0867-4d4e-9c77-87b89dd64fcb_изображение_2022-05-26_110214.png',	'waiting',	'test',	1,	2);

DROP TABLE IF EXISTS "users";
CREATE TABLE "public"."users" (
    "id" bigint DEFAULT GENERATED BY DEFAULT AS IDENTITY NOT NULL,
    "blocked" boolean,
    "email" character varying(255),
    "name" character varying(255),
    "password" character varying(255),
    "id_candidate" bigint,
    "id_roles" bigint,
    CONSTRAINT "users_pkey" PRIMARY KEY ("id")
) WITH (oids = false);

<br />
<b>Warning</b>:  Undefined property: stdClass::$flags in <b>C:\OpenServer\modules\system\html\openserver\adminer\adminer_core.php</b> on line <b>200</b><br />
<br />
<b>Warning</b>:  Undefined property: stdClass::$flags in <b>C:\OpenServer\modules\system\html\openserver\adminer\adminer_core.php</b> on line <b>200</b><br />
<br />
<b>Warning</b>:  Undefined property: stdClass::$flags in <b>C:\OpenServer\modules\system\html\openserver\adminer\adminer_core.php</b> on line <b>200</b><br />
<br />
<b>Warning</b>:  Undefined property: stdClass::$flags in <b>C:\OpenServer\modules\system\html\openserver\adminer\adminer_core.php</b> on line <b>200</b><br />
<br />
<b>Warning</b>:  Undefined property: stdClass::$flags in <b>C:\OpenServer\modules\system\html\openserver\adminer\adminer_core.php</b> on line <b>200</b><br />
<br />
<b>Warning</b>:  Undefined property: stdClass::$flags in <b>C:\OpenServer\modules\system\html\openserver\adminer\adminer_core.php</b> on line <b>200</b><br />
<br />
<b>Warning</b>:  Undefined property: stdClass::$flags in <b>C:\OpenServer\modules\system\html\openserver\adminer\adminer_core.php</b> on line <b>200</b><br />
INSERT INTO "users" ("id", "blocked", "email", "name", "password", "id_candidate", "id_roles") VALUES
(1,	'0',	'adm@com',	'admin',	'$2a$12$1G8VrJOIK.cWGJ13.NnrNeQiBx0x2tJc8k6Puct1otwRi/Nl3qRbm',	NULL,	1),
(3,	'0',	'ed@gmail.com',	'editor',	'$2a$12$ag3Z4dvBfRKzmb1L9l0TgeiRjonz8jf1Hw1oSlNxHcqbiLC8nHGeS',	NULL,	3),
(2,	'0',	'ddd@gmail.com',	'user',	'$2a$12$ag3Z4dvBfRKzmb1L9l0TgeiRjonz8jf1Hw1oSlNxHcqbiLC8nHGeS',	NULL,	2),
(4,	'0',	'user@gmail.com',	'user',	'$2a$12$JZJqtmODD3N6noNyg57EBua3FpmUUbTumTIOdO/edrlyZ634dtWBm',	NULL,	2);

ALTER TABLE ONLY "public"."comments" ADD CONSTRAINT "fk2e1j871ildbkagpidsson8krk" FOREIGN KEY (id_user) REFERENCES users(id) NOT DEFERRABLE;
ALTER TABLE ONLY "public"."comments" ADD CONSTRAINT "fk9w3fyg8dv7lsosmxiky6p6x7n" FOREIGN KEY (id_post) REFERENCES posts(id) NOT DEFERRABLE;

ALTER TABLE ONLY "public"."posts" ADD CONSTRAINT "fk9m6je90vcy42ymfro5e2haryb" FOREIGN KEY (id_category) REFERENCES categories_of_posts(id) NOT DEFERRABLE;
ALTER TABLE ONLY "public"."posts" ADD CONSTRAINT "fki39p5vj96ak6nrx3k8kswyr8k" FOREIGN KEY (id_user) REFERENCES users(id) NOT DEFERRABLE;

ALTER TABLE ONLY "public"."suggested_posts" ADD CONSTRAINT "fk75gc5d8iuvj4vapgujpjn3hh9" FOREIGN KEY (id_user) REFERENCES users(id) NOT DEFERRABLE;
ALTER TABLE ONLY "public"."suggested_posts" ADD CONSTRAINT "fk7pe0ih69qpf007yaqmf2weiq6" FOREIGN KEY (id_category) REFERENCES categories_of_posts(id) NOT DEFERRABLE;

ALTER TABLE ONLY "public"."users" ADD CONSTRAINT "fk39yw01qp6l45ng6p0k71ny4s1" FOREIGN KEY (id_candidate) REFERENCES candidates(id) NOT DEFERRABLE;
ALTER TABLE ONLY "public"."users" ADD CONSTRAINT "fk5i1go2t0eqag1spg3ubr63amq" FOREIGN KEY (id_roles) REFERENCES roles(id) NOT DEFERRABLE;

-- 2022-06-15 08:37:31.552082+03
